prompt_id,split_id,partition
3,0,train
23,0,train
4,0,train
24,0,train
5,0,train
25,0,train
6,0,train
26,0,train
7,0,train
27,0,train
8,0,train
28,0,train
9,0,train
29,0,train
10,0,train
30,0,train
11,0,train
31,0,train
12,0,train
32,0,train
13,0,train
33,0,train
14,0,train
34,0,train
15,0,train
35,0,train
17,0,train
37,0,train
19,0,train
39,0,train
20,0,train
40,0,train
1,0,test
21,0,test
2,0,test
22,0,test
16,0,test
36,0,test
18,0,test
38,0,test
1,1,train
21,1,train
2,1,train
22,1,train
3,1,train
23,1,train
4,1,train
24,1,train
5,1,train
25,1,train
7,1,train
27,1,train
8,1,train
28,1,train
9,1,train
29,1,train
10,1,train
30,1,train
11,1,train
31,1,train
12,1,train
32,1,train
13,1,train
33,1,train
14,1,train
34,1,train
15,1,train
35,1,train
18,1,train
38,1,train
19,1,train
39,1,train
6,1,test
26,1,test
16,1,test
36,1,test
17,1,test
37,1,test
20,1,test
40,1,test
2,2,train
22,2,train
4,2,train
24,2,train
5,2,train
25,2,train
6,2,train
26,2,train
7,2,train
27,2,train
9,2,train
29,2,train
10,2,train
30,2,train
12,2,train
32,2,train
13,2,train
33,2,train
14,2,train
34,2,train
15,2,train
35,2,train
16,2,train
36,2,train
17,2,train
37,2,train
18,2,train
38,2,train
19,2,train
39,2,train
20,2,train
40,2,train
1,2,test
21,2,test
3,2,test
23,2,test
8,2,test
28,2,test
11,2,test
31,2,test
2,3,train
22,3,train
3,3,train
23,3,train
4,3,train
24,3,train
5,3,train
25,3,train
6,3,train
26,3,train
8,3,train
28,3,train
10,3,train
30,3,train
11,3,train
31,3,train
12,3,train
32,3,train
13,3,train
33,3,train
14,3,train
34,3,train
15,3,train
35,3,train
16,3,train
36,3,train
17,3,train
37,3,train
18,3,train
38,3,train
20,3,train
40,3,train
1,3,test
21,3,test
7,3,test
27,3,test
9,3,test
29,3,test
19,3,test
39,3,test
1,4,train
21,4,train
2,4,train
22,4,train
4,4,train
24,4,train
5,4,train
25,4,train
7,4,train
27,4,train
8,4,train
28,4,train
9,4,train
29,4,train
10,4,train
30,4,train
12,4,train
32,4,train
13,4,train
33,4,train
14,4,train
34,4,train
15,4,train
35,4,train
16,4,train
36,4,train
17,4,train
37,4,train
18,4,train
38,4,train
19,4,train
39,4,train
3,4,test
23,4,test
6,4,test
26,4,test
11,4,test
31,4,test
20,4,test
40,4,test
1,5,train
21,5,train
3,5,train
23,5,train
7,5,train
27,5,train
8,5,train
28,5,train
9,5,train
29,5,train
10,5,train
30,5,train
11,5,train
31,5,train
12,5,train
32,5,train
13,5,train
33,5,train
14,5,train
34,5,train
15,5,train
35,5,train
16,5,train
36,5,train
17,5,train
37,5,train
18,5,train
38,5,train
19,5,train
39,5,train
20,5,train
40,5,train
2,5,test
22,5,test
4,5,test
24,5,test
5,5,test
25,5,test
6,5,test
26,5,test
1,6,train
21,6,train
2,6,train
22,6,train
3,6,train
23,6,train
4,6,train
24,6,train
5,6,train
25,6,train
6,6,train
26,6,train
7,6,train
27,6,train
8,6,train
28,6,train
9,6,train
29,6,train
10,6,train
30,6,train
12,6,train
32,6,train
15,6,train
35,6,train
16,6,train
36,6,train
18,6,train
38,6,train
19,6,train
39,6,train
20,6,train
40,6,train
11,6,test
31,6,test
13,6,test
33,6,test
14,6,test
34,6,test
17,6,test
37,6,test
1,7,train
21,7,train
3,7,train
23,7,train
4,7,train
24,7,train
5,7,train
25,7,train
7,7,train
27,7,train
8,7,train
28,7,train
9,7,train
29,7,train
10,7,train
30,7,train
11,7,train
31,7,train
12,7,train
32,7,train
13,7,train
33,7,train
14,7,train
34,7,train
15,7,train
35,7,train
16,7,train
36,7,train
17,7,train
37,7,train
20,7,train
40,7,train
2,7,test
22,7,test
6,7,test
26,7,test
18,7,test
38,7,test
19,7,test
39,7,test
1,8,train
21,8,train
2,8,train
22,8,train
3,8,train
23,8,train
4,8,train
24,8,train
5,8,train
25,8,train
6,8,train
26,8,train
7,8,train
27,8,train
9,8,train
29,8,train
10,8,train
30,8,train
11,8,train
31,8,train
13,8,train
33,8,train
15,8,train
35,8,train
16,8,train
36,8,train
17,8,train
37,8,train
19,8,train
39,8,train
20,8,train
40,8,train
8,8,test
28,8,test
12,8,test
32,8,test
14,8,test
34,8,test
18,8,test
38,8,test
1,9,train
21,9,train
3,9,train
23,9,train
4,9,train
24,9,train
6,9,train
26,9,train
7,9,train
27,9,train
8,9,train
28,9,train
9,9,train
29,9,train
11,9,train
31,9,train
12,9,train
32,9,train
13,9,train
33,9,train
14,9,train
34,9,train
15,9,train
35,9,train
17,9,train
37,9,train
18,9,train
38,9,train
19,9,train
39,9,train
20,9,train
40,9,train
2,9,test
22,9,test
5,9,test
25,9,test
10,9,test
30,9,test
16,9,test
36,9,test
1,10,train
21,10,train
2,10,train
22,10,train
4,10,train
24,10,train
6,10,train
26,10,train
8,10,train
28,10,train
9,10,train
29,10,train
10,10,train
30,10,train
11,10,train
31,10,train
12,10,train
32,10,train
13,10,train
33,10,train
14,10,train
34,10,train
15,10,train
35,10,train
16,10,train
36,10,train
18,10,train
38,10,train
19,10,train
39,10,train
20,10,train
40,10,train
3,10,test
23,10,test
5,10,test
25,10,test
7,10,test
27,10,test
17,10,test
37,10,test
1,11,train
21,11,train
2,11,train
22,11,train
3,11,train
23,11,train
5,11,train
25,11,train
6,11,train
26,11,train
7,11,train
27,11,train
8,11,train
28,11,train
9,11,train
29,11,train
11,11,train
31,11,train
12,11,train
32,11,train
13,11,train
33,11,train
14,11,train
34,11,train
16,11,train
36,11,train
17,11,train
37,11,train
18,11,train
38,11,train
20,11,train
40,11,train
4,11,test
24,11,test
10,11,test
30,11,test
15,11,test
35,11,test
19,11,test
39,11,test
1,12,train
21,12,train
2,12,train
22,12,train
3,12,train
23,12,train
4,12,train
24,12,train
5,12,train
25,12,train
6,12,train
26,12,train
8,12,train
28,12,train
11,12,train
31,12,train
12,12,train
32,12,train
13,12,train
33,12,train
14,12,train
34,12,train
16,12,train
36,12,train
17,12,train
37,12,train
18,12,train
38,12,train
19,12,train
39,12,train
20,12,train
40,12,train
7,12,test
27,12,test
9,12,test
29,12,test
10,12,test
30,12,test
15,12,test
35,12,test
1,13,train
21,13,train
2,13,train
22,13,train
3,13,train
23,13,train
4,13,train
24,13,train
7,13,train
27,13,train
8,13,train
28,13,train
9,13,train
29,13,train
10,13,train
30,13,train
11,13,train
31,13,train
13,13,train
33,13,train
14,13,train
34,13,train
15,13,train
35,13,train
16,13,train
36,13,train
17,13,train
37,13,train
18,13,train
38,13,train
19,13,train
39,13,train
5,13,test
25,13,test
6,13,test
26,13,test
12,13,test
32,13,test
20,13,test
40,13,test
1,14,train
21,14,train
2,14,train
22,14,train
3,14,train
23,14,train
4,14,train
24,14,train
5,14,train
25,14,train
6,14,train
26,14,train
7,14,train
27,14,train
8,14,train
28,14,train
9,14,train
29,14,train
10,14,train
30,14,train
11,14,train
31,14,train
12,14,train
32,14,train
13,14,train
33,14,train
16,14,train
36,14,train
18,14,train
38,14,train
19,14,train
39,14,train
14,14,test
34,14,test
15,14,test
35,14,test
17,14,test
37,14,test
20,14,test
40,14,test
1,15,train
21,15,train
3,15,train
23,15,train
4,15,train
24,15,train
6,15,train
26,15,train
8,15,train
28,15,train
9,15,train
29,15,train
10,15,train
30,15,train
11,15,train
31,15,train
13,15,train
33,15,train
14,15,train
34,15,train
15,15,train
35,15,train
16,15,train
36,15,train
17,15,train
37,15,train
18,15,train
38,15,train
19,15,train
39,15,train
20,15,train
40,15,train
2,15,test
22,15,test
5,15,test
25,15,test
7,15,test
27,15,test
12,15,test
32,15,test
1,16,train
21,16,train
2,16,train
22,16,train
3,16,train
23,16,train
4,16,train
24,16,train
5,16,train
25,16,train
6,16,train
26,16,train
9,16,train
29,16,train
10,16,train
30,16,train
11,16,train
31,16,train
12,16,train
32,16,train
14,16,train
34,16,train
16,16,train
36,16,train
17,16,train
37,16,train
18,16,train
38,16,train
19,16,train
39,16,train
20,16,train
40,16,train
7,16,test
27,16,test
8,16,test
28,16,test
13,16,test
33,16,test
15,16,test
35,16,test
1,17,train
21,17,train
2,17,train
22,17,train
3,17,train
23,17,train
6,17,train
26,17,train
7,17,train
27,17,train
9,17,train
29,17,train
10,17,train
30,17,train
11,17,train
31,17,train
12,17,train
32,17,train
13,17,train
33,17,train
14,17,train
34,17,train
15,17,train
35,17,train
16,17,train
36,17,train
17,17,train
37,17,train
18,17,train
38,17,train
20,17,train
40,17,train
4,17,test
24,17,test
5,17,test
25,17,test
8,17,test
28,17,test
19,17,test
39,17,test
1,18,train
21,18,train
3,18,train
23,18,train
4,18,train
24,18,train
5,18,train
25,18,train
6,18,train
26,18,train
10,18,train
30,18,train
11,18,train
31,18,train
12,18,train
32,18,train
13,18,train
33,18,train
14,18,train
34,18,train
15,18,train
35,18,train
16,18,train
36,18,train
17,18,train
37,18,train
18,18,train
38,18,train
19,18,train
39,18,train
20,18,train
40,18,train
2,18,test
22,18,test
7,18,test
27,18,test
8,18,test
28,18,test
9,18,test
29,18,test
1,19,train
21,19,train
2,19,train
22,19,train
3,19,train
23,19,train
6,19,train
26,19,train
7,19,train
27,19,train
8,19,train
28,19,train
9,19,train
29,19,train
10,19,train
30,19,train
12,19,train
32,19,train
13,19,train
33,19,train
14,19,train
34,19,train
15,19,train
35,19,train
16,19,train
36,19,train
17,19,train
37,19,train
19,19,train
39,19,train
20,19,train
40,19,train
4,19,test
24,19,test
5,19,test
25,19,test
11,19,test
31,19,test
18,19,test
38,19,test
1,20,train
21,20,train
2,20,train
22,20,train
3,20,train
23,20,train
4,20,train
24,20,train
5,20,train
25,20,train
6,20,train
26,20,train
7,20,train
27,20,train
8,20,train
28,20,train
9,20,train
29,20,train
10,20,train
30,20,train
11,20,train
31,20,train
12,20,train
32,20,train
13,20,train
33,20,train
17,20,train
37,20,train
19,20,train
39,20,train
20,20,train
40,20,train
14,20,test
34,20,test
15,20,test
35,20,test
16,20,test
36,20,test
18,20,test
38,20,test
1,21,train
21,21,train
2,21,train
22,21,train
3,21,train
23,21,train
4,21,train
24,21,train
6,21,train
26,21,train
7,21,train
27,21,train
8,21,train
28,21,train
10,21,train
30,21,train
11,21,train
31,21,train
12,21,train
32,21,train
13,21,train
33,21,train
14,21,train
34,21,train
15,21,train
35,21,train
16,21,train
36,21,train
17,21,train
37,21,train
19,21,train
39,21,train
5,21,test
25,21,test
9,21,test
29,21,test
18,21,test
38,21,test
20,21,test
40,21,test
1,22,train
21,22,train
4,22,train
24,22,train
5,22,train
25,22,train
6,22,train
26,22,train
7,22,train
27,22,train
8,22,train
28,22,train
9,22,train
29,22,train
10,22,train
30,22,train
11,22,train
31,22,train
12,22,train
32,22,train
13,22,train
33,22,train
15,22,train
35,22,train
16,22,train
36,22,train
17,22,train
37,22,train
18,22,train
38,22,train
19,22,train
39,22,train
2,22,test
22,22,test
3,22,test
23,22,test
14,22,test
34,22,test
20,22,test
40,22,test
1,23,train
21,23,train
2,23,train
22,23,train
3,23,train
23,23,train
5,23,train
25,23,train
7,23,train
27,23,train
8,23,train
28,23,train
9,23,train
29,23,train
10,23,train
30,23,train
11,23,train
31,23,train
12,23,train
32,23,train
13,23,train
33,23,train
16,23,train
36,23,train
17,23,train
37,23,train
18,23,train
38,23,train
19,23,train
39,23,train
20,23,train
40,23,train
4,23,test
24,23,test
6,23,test
26,23,test
14,23,test
34,23,test
15,23,test
35,23,test
1,24,train
21,24,train
2,24,train
22,24,train
5,24,train
25,24,train
6,24,train
26,24,train
7,24,train
27,24,train
8,24,train
28,24,train
9,24,train
29,24,train
10,24,train
30,24,train
11,24,train
31,24,train
12,24,train
32,24,train
13,24,train
33,24,train
14,24,train
34,24,train
15,24,train
35,24,train
17,24,train
37,24,train
18,24,train
38,24,train
20,24,train
40,24,train
3,24,test
23,24,test
4,24,test
24,24,test
16,24,test
36,24,test
19,24,test
39,24,test
1,25,train
21,25,train
4,25,train
24,25,train
5,25,train
25,25,train
7,25,train
27,25,train
9,25,train
29,25,train
10,25,train
30,25,train
11,25,train
31,25,train
12,25,train
32,25,train
13,25,train
33,25,train
14,25,train
34,25,train
15,25,train
35,25,train
16,25,train
36,25,train
17,25,train
37,25,train
18,25,train
38,25,train
19,25,train
39,25,train
20,25,train
40,25,train
2,25,test
22,25,test
3,25,test
23,25,test
6,25,test
26,25,test
8,25,test
28,25,test
1,26,train
21,26,train
2,26,train
22,26,train
3,26,train
23,26,train
4,26,train
24,26,train
5,26,train
25,26,train
7,26,train
27,26,train
8,26,train
28,26,train
9,26,train
29,26,train
10,26,train
30,26,train
12,26,train
32,26,train
13,26,train
33,26,train
16,26,train
36,26,train
17,26,train
37,26,train
18,26,train
38,26,train
19,26,train
39,26,train
20,26,train
40,26,train
6,26,test
26,26,test
11,26,test
31,26,test
14,26,test
34,26,test
15,26,test
35,26,test
1,27,train
21,27,train
2,27,train
22,27,train
3,27,train
23,27,train
4,27,train
24,27,train
5,27,train
25,27,train
8,27,train
28,27,train
10,27,train
30,27,train
11,27,train
31,27,train
12,27,train
32,27,train
13,27,train
33,27,train
14,27,train
34,27,train
15,27,train
35,27,train
16,27,train
36,27,train
17,27,train
37,27,train
18,27,train
38,27,train
19,27,train
39,27,train
6,27,test
26,27,test
7,27,test
27,27,test
9,27,test
29,27,test
20,27,test
40,27,test
1,28,train
21,28,train
2,28,train
22,28,train
3,28,train
23,28,train
4,28,train
24,28,train
7,28,train
27,28,train
8,28,train
28,28,train
9,28,train
29,28,train
10,28,train
30,28,train
11,28,train
31,28,train
12,28,train
32,28,train
14,28,train
34,28,train
15,28,train
35,28,train
17,28,train
37,28,train
18,28,train
38,28,train
19,28,train
39,28,train
20,28,train
40,28,train
5,28,test
25,28,test
6,28,test
26,28,test
13,28,test
33,28,test
16,28,test
36,28,test
1,29,train
21,29,train
2,29,train
22,29,train
3,29,train
23,29,train
4,29,train
24,29,train
5,29,train
25,29,train
6,29,train
26,29,train
7,29,train
27,29,train
8,29,train
28,29,train
9,29,train
29,29,train
10,29,train
30,29,train
11,29,train
31,29,train
12,29,train
32,29,train
13,29,train
33,29,train
16,29,train
36,29,train
18,29,train
38,29,train
19,29,train
39,29,train
14,29,test
34,29,test
15,29,test
35,29,test
17,29,test
37,29,test
20,29,test
40,29,test
1,30,train
21,30,train
3,30,train
23,30,train
4,30,train
24,30,train
5,30,train
25,30,train
6,30,train
26,30,train
8,30,train
28,30,train
9,30,train
29,30,train
11,30,train
31,30,train
13,30,train
33,30,train
14,30,train
34,30,train
15,30,train
35,30,train
16,30,train
36,30,train
17,30,train
37,30,train
18,30,train
38,30,train
19,30,train
39,30,train
20,30,train
40,30,train
2,30,test
22,30,test
7,30,test
27,30,test
10,30,test
30,30,test
12,30,test
32,30,test
1,31,train
21,31,train
3,31,train
23,31,train
4,31,train
24,31,train
5,31,train
25,31,train
7,31,train
27,31,train
8,31,train
28,31,train
9,31,train
29,31,train
10,31,train
30,31,train
11,31,train
31,31,train
12,31,train
32,31,train
14,31,train
34,31,train
15,31,train
35,31,train
16,31,train
36,31,train
17,31,train
37,31,train
18,31,train
38,31,train
19,31,train
39,31,train
2,31,test
22,31,test
6,31,test
26,31,test
13,31,test
33,31,test
20,31,test
40,31,test
1,32,train
21,32,train
2,32,train
22,32,train
3,32,train
23,32,train
5,32,train
25,32,train
6,32,train
26,32,train
7,32,train
27,32,train
8,32,train
28,32,train
9,32,train
29,32,train
10,32,train
30,32,train
11,32,train
31,32,train
13,32,train
33,32,train
14,32,train
34,32,train
16,32,train
36,32,train
18,32,train
38,32,train
19,32,train
39,32,train
20,32,train
40,32,train
4,32,test
24,32,test
12,32,test
32,32,test
15,32,test
35,32,test
17,32,test
37,32,test
1,33,train
21,33,train
2,33,train
22,33,train
3,33,train
23,33,train
4,33,train
24,33,train
5,33,train
25,33,train
6,33,train
26,33,train
7,33,train
27,33,train
8,33,train
28,33,train
9,33,train
29,33,train
12,33,train
32,33,train
13,33,train
33,33,train
14,33,train
34,33,train
16,33,train
36,33,train
17,33,train
37,33,train
18,33,train
38,33,train
20,33,train
40,33,train
10,33,test
30,33,test
11,33,test
31,33,test
15,33,test
35,33,test
19,33,test
39,33,test
1,34,train
21,34,train
2,34,train
22,34,train
3,34,train
23,34,train
4,34,train
24,34,train
5,34,train
25,34,train
6,34,train
26,34,train
7,34,train
27,34,train
8,34,train
28,34,train
10,34,train
30,34,train
12,34,train
32,34,train
14,34,train
34,34,train
15,34,train
35,34,train
16,34,train
36,34,train
17,34,train
37,34,train
18,34,train
38,34,train
19,34,train
39,34,train
9,34,test
29,34,test
11,34,test
31,34,test
13,34,test
33,34,test
20,34,test
40,34,test
1,35,train
21,35,train
3,35,train
23,35,train
4,35,train
24,35,train
5,35,train
25,35,train
6,35,train
26,35,train
7,35,train
27,35,train
8,35,train
28,35,train
10,35,train
30,35,train
12,35,train
32,35,train
13,35,train
33,35,train
14,35,train
34,35,train
15,35,train
35,35,train
16,35,train
36,35,train
17,35,train
37,35,train
18,35,train
38,35,train
20,35,train
40,35,train
2,35,test
22,35,test
9,35,test
29,35,test
11,35,test
31,35,test
19,35,test
39,35,test
1,36,train
21,36,train
2,36,train
22,36,train
3,36,train
23,36,train
4,36,train
24,36,train
5,36,train
25,36,train
6,36,train
26,36,train
7,36,train
27,36,train
9,36,train
29,36,train
10,36,train
30,36,train
11,36,train
31,36,train
13,36,train
33,36,train
14,36,train
34,36,train
15,36,train
35,36,train
17,36,train
37,36,train
19,36,train
39,36,train
20,36,train
40,36,train
8,36,test
28,36,test
12,36,test
32,36,test
16,36,test
36,36,test
18,36,test
38,36,test
1,37,train
21,37,train
4,37,train
24,37,train
5,37,train
25,37,train
6,37,train
26,37,train
7,37,train
27,37,train
8,37,train
28,37,train
9,37,train
29,37,train
11,37,train
31,37,train
12,37,train
32,37,train
14,37,train
34,37,train
15,37,train
35,37,train
16,37,train
36,37,train
17,37,train
37,37,train
18,37,train
38,37,train
19,37,train
39,37,train
20,37,train
40,37,train
2,37,test
22,37,test
3,37,test
23,37,test
10,37,test
30,37,test
13,37,test
33,37,test
1,38,train
21,38,train
2,38,train
22,38,train
5,38,train
25,38,train
6,38,train
26,38,train
7,38,train
27,38,train
8,38,train
28,38,train
9,38,train
29,38,train
10,38,train
30,38,train
11,38,train
31,38,train
13,38,train
33,38,train
15,38,train
35,38,train
16,38,train
36,38,train
17,38,train
37,38,train
18,38,train
38,38,train
19,38,train
39,38,train
20,38,train
40,38,train
3,38,test
23,38,test
4,38,test
24,38,test
12,38,test
32,38,test
14,38,test
34,38,test
1,39,train
21,39,train
2,39,train
22,39,train
3,39,train
23,39,train
5,39,train
25,39,train
6,39,train
26,39,train
7,39,train
27,39,train
8,39,train
28,39,train
9,39,train
29,39,train
11,39,train
31,39,train
12,39,train
32,39,train
13,39,train
33,39,train
14,39,train
34,39,train
17,39,train
37,39,train
18,39,train
38,39,train
19,39,train
39,39,train
20,39,train
40,39,train
4,39,test
24,39,test
10,39,test
30,39,test
15,39,test
35,39,test
16,39,test
36,39,test
1,40,train
21,40,train
2,40,train
22,40,train
3,40,train
23,40,train
4,40,train
24,40,train
5,40,train
25,40,train
7,40,train
27,40,train
8,40,train
28,40,train
9,40,train
29,40,train
10,40,train
30,40,train
11,40,train
31,40,train
13,40,train
33,40,train
14,40,train
34,40,train
17,40,train
37,40,train
18,40,train
38,40,train
19,40,train
39,40,train
20,40,train
40,40,train
6,40,test
26,40,test
12,40,test
32,40,test
15,40,test
35,40,test
16,40,test
36,40,test
1,41,train
21,41,train
2,41,train
22,41,train
3,41,train
23,41,train
5,41,train
25,41,train
6,41,train
26,41,train
7,41,train
27,41,train
9,41,train
29,41,train
11,41,train
31,41,train
12,41,train
32,41,train
14,41,train
34,41,train
15,41,train
35,41,train
16,41,train
36,41,train
17,41,train
37,41,train
18,41,train
38,41,train
19,41,train
39,41,train
20,41,train
40,41,train
4,41,test
24,41,test
8,41,test
28,41,test
10,41,test
30,41,test
13,41,test
33,41,test
1,42,train
21,42,train
2,42,train
22,42,train
3,42,train
23,42,train
4,42,train
24,42,train
6,42,train
26,42,train
7,42,train
27,42,train
9,42,train
29,42,train
11,42,train
31,42,train
12,42,train
32,42,train
14,42,train
34,42,train
15,42,train
35,42,train
16,42,train
36,42,train
17,42,train
37,42,train
18,42,train
38,42,train
19,42,train
39,42,train
20,42,train
40,42,train
5,42,test
25,42,test
8,42,test
28,42,test
10,42,test
30,42,test
13,42,test
33,42,test
1,43,train
21,43,train
2,43,train
22,43,train
3,43,train
23,43,train
4,43,train
24,43,train
5,43,train
25,43,train
6,43,train
26,43,train
8,43,train
28,43,train
9,43,train
29,43,train
10,43,train
30,43,train
11,43,train
31,43,train
12,43,train
32,43,train
15,43,train
35,43,train
17,43,train
37,43,train
18,43,train
38,43,train
19,43,train
39,43,train
20,43,train
40,43,train
7,43,test
27,43,test
13,43,test
33,43,test
14,43,test
34,43,test
16,43,test
36,43,test
2,44,train
22,44,train
3,44,train
23,44,train
4,44,train
24,44,train
5,44,train
25,44,train
7,44,train
27,44,train
8,44,train
28,44,train
9,44,train
29,44,train
10,44,train
30,44,train
11,44,train
31,44,train
14,44,train
34,44,train
15,44,train
35,44,train
16,44,train
36,44,train
17,44,train
37,44,train
18,44,train
38,44,train
19,44,train
39,44,train
20,44,train
40,44,train
1,44,test
21,44,test
6,44,test
26,44,test
12,44,test
32,44,test
13,44,test
33,44,test
1,45,train
21,45,train
2,45,train
22,45,train
3,45,train
23,45,train
5,45,train
25,45,train
6,45,train
26,45,train
7,45,train
27,45,train
9,45,train
29,45,train
10,45,train
30,45,train
11,45,train
31,45,train
12,45,train
32,45,train
13,45,train
33,45,train
14,45,train
34,45,train
16,45,train
36,45,train
18,45,train
38,45,train
19,45,train
39,45,train
20,45,train
40,45,train
4,45,test
24,45,test
8,45,test
28,45,test
15,45,test
35,45,test
17,45,test
37,45,test
1,46,train
21,46,train
2,46,train
22,46,train
3,46,train
23,46,train
4,46,train
24,46,train
5,46,train
25,46,train
6,46,train
26,46,train
7,46,train
27,46,train
8,46,train
28,46,train
9,46,train
29,46,train
10,46,train
30,46,train
13,46,train
33,46,train
15,46,train
35,46,train
16,46,train
36,46,train
17,46,train
37,46,train
18,46,train
38,46,train
20,46,train
40,46,train
11,46,test
31,46,test
12,46,test
32,46,test
14,46,test
34,46,test
19,46,test
39,46,test
1,47,train
21,47,train
2,47,train
22,47,train
3,47,train
23,47,train
4,47,train
24,47,train
5,47,train
25,47,train
6,47,train
26,47,train
7,47,train
27,47,train
10,47,train
30,47,train
11,47,train
31,47,train
12,47,train
32,47,train
13,47,train
33,47,train
14,47,train
34,47,train
15,47,train
35,47,train
16,47,train
36,47,train
19,47,train
39,47,train
20,47,train
40,47,train
8,47,test
28,47,test
9,47,test
29,47,test
17,47,test
37,47,test
18,47,test
38,47,test
2,48,train
22,48,train
3,48,train
23,48,train
4,48,train
24,48,train
6,48,train
26,48,train
7,48,train
27,48,train
9,48,train
29,48,train
10,48,train
30,48,train
12,48,train
32,48,train
13,48,train
33,48,train
14,48,train
34,48,train
15,48,train
35,48,train
16,48,train
36,48,train
17,48,train
37,48,train
18,48,train
38,48,train
19,48,train
39,48,train
20,48,train
40,48,train
1,48,test
21,48,test
5,48,test
25,48,test
8,48,test
28,48,test
11,48,test
31,48,test
1,49,train
21,49,train
2,49,train
22,49,train
4,49,train
24,49,train
5,49,train
25,49,train
6,49,train
26,49,train
8,49,train
28,49,train
9,49,train
29,49,train
10,49,train
30,49,train
11,49,train
31,49,train
12,49,train
32,49,train
14,49,train
34,49,train
16,49,train
36,49,train
17,49,train
37,49,train
18,49,train
38,49,train
19,49,train
39,49,train
20,49,train
40,49,train
3,49,test
23,49,test
7,49,test
27,49,test
13,49,test
33,49,test
15,49,test
35,49,test
2,50,train
22,50,train
3,50,train
23,50,train
4,50,train
24,50,train
5,50,train
25,50,train
6,50,train
26,50,train
7,50,train
27,50,train
8,50,train
28,50,train
9,50,train
29,50,train
11,50,train
31,50,train
13,50,train
33,50,train
14,50,train
34,50,train
15,50,train
35,50,train
16,50,train
36,50,train
18,50,train
38,50,train
19,50,train
39,50,train
20,50,train
40,50,train
1,50,test
21,50,test
10,50,test
30,50,test
12,50,test
32,50,test
17,50,test
37,50,test
1,51,train
21,51,train
2,51,train
22,51,train
3,51,train
23,51,train
4,51,train
24,51,train
5,51,train
25,51,train
6,51,train
26,51,train
8,51,train
28,51,train
10,51,train
30,51,train
11,51,train
31,51,train
12,51,train
32,51,train
13,51,train
33,51,train
14,51,train
34,51,train
15,51,train
35,51,train
17,51,train
37,51,train
19,51,train
39,51,train
20,51,train
40,51,train
7,51,test
27,51,test
9,51,test
29,51,test
16,51,test
36,51,test
18,51,test
38,51,test
1,52,train
21,52,train
2,52,train
22,52,train
3,52,train
23,52,train
4,52,train
24,52,train
5,52,train
25,52,train
6,52,train
26,52,train
7,52,train
27,52,train
8,52,train
28,52,train
11,52,train
31,52,train
14,52,train
34,52,train
15,52,train
35,52,train
16,52,train
36,52,train
17,52,train
37,52,train
18,52,train
38,52,train
19,52,train
39,52,train
20,52,train
40,52,train
9,52,test
29,52,test
10,52,test
30,52,test
12,52,test
32,52,test
13,52,test
33,52,test
1,53,train
21,53,train
2,53,train
22,53,train
3,53,train
23,53,train
5,53,train
25,53,train
6,53,train
26,53,train
7,53,train
27,53,train
8,53,train
28,53,train
9,53,train
29,53,train
10,53,train
30,53,train
11,53,train
31,53,train
13,53,train
33,53,train
15,53,train
35,53,train
16,53,train
36,53,train
17,53,train
37,53,train
18,53,train
38,53,train
20,53,train
40,53,train
4,53,test
24,53,test
12,53,test
32,53,test
14,53,test
34,53,test
19,53,test
39,53,test
1,54,train
21,54,train
2,54,train
22,54,train
3,54,train
23,54,train
4,54,train
24,54,train
5,54,train
25,54,train
6,54,train
26,54,train
8,54,train
28,54,train
9,54,train
29,54,train
11,54,train
31,54,train
12,54,train
32,54,train
13,54,train
33,54,train
15,54,train
35,54,train
16,54,train
36,54,train
17,54,train
37,54,train
19,54,train
39,54,train
20,54,train
40,54,train
7,54,test
27,54,test
10,54,test
30,54,test
14,54,test
34,54,test
18,54,test
38,54,test
1,55,train
21,55,train
2,55,train
22,55,train
3,55,train
23,55,train
4,55,train
24,55,train
5,55,train
25,55,train
6,55,train
26,55,train
7,55,train
27,55,train
8,55,train
28,55,train
9,55,train
29,55,train
10,55,train
30,55,train
11,55,train
31,55,train
12,55,train
32,55,train
13,55,train
33,55,train
14,55,train
34,55,train
17,55,train
37,55,train
19,55,train
39,55,train
15,55,test
35,55,test
16,55,test
36,55,test
18,55,test
38,55,test
20,55,test
40,55,test
2,56,train
22,56,train
3,56,train
23,56,train
4,56,train
24,56,train
5,56,train
25,56,train
6,56,train
26,56,train
7,56,train
27,56,train
8,56,train
28,56,train
10,56,train
30,56,train
12,56,train
32,56,train
13,56,train
33,56,train
14,56,train
34,56,train
15,56,train
35,56,train
17,56,train
37,56,train
18,56,train
38,56,train
19,56,train
39,56,train
20,56,train
40,56,train
1,56,test
21,56,test
9,56,test
29,56,test
11,56,test
31,56,test
16,56,test
36,56,test
1,57,train
21,57,train
2,57,train
22,57,train
3,57,train
23,57,train
4,57,train
24,57,train
5,57,train
25,57,train
6,57,train
26,57,train
7,57,train
27,57,train
9,57,train
29,57,train
10,57,train
30,57,train
11,57,train
31,57,train
14,57,train
34,57,train
16,57,train
36,57,train
17,57,train
37,57,train
18,57,train
38,57,train
19,57,train
39,57,train
20,57,train
40,57,train
8,57,test
28,57,test
12,57,test
32,57,test
13,57,test
33,57,test
15,57,test
35,57,test
2,58,train
22,58,train
3,58,train
23,58,train
4,58,train
24,58,train
5,58,train
25,58,train
8,58,train
28,58,train
9,58,train
29,58,train
10,58,train
30,58,train
11,58,train
31,58,train
12,58,train
32,58,train
13,58,train
33,58,train
14,58,train
34,58,train
15,58,train
35,58,train
16,58,train
36,58,train
18,58,train
38,58,train
19,58,train
39,58,train
20,58,train
40,58,train
1,58,test
21,58,test
6,58,test
26,58,test
7,58,test
27,58,test
17,58,test
37,58,test
1,59,train
21,59,train
2,59,train
22,59,train
3,59,train
23,59,train
4,59,train
24,59,train
6,59,train
26,59,train
7,59,train
27,59,train
8,59,train
28,59,train
10,59,train
30,59,train
11,59,train
31,59,train
12,59,train
32,59,train
13,59,train
33,59,train
15,59,train
35,59,train
17,59,train
37,59,train
18,59,train
38,59,train
19,59,train
39,59,train
20,59,train
40,59,train
5,59,test
25,59,test
9,59,test
29,59,test
14,59,test
34,59,test
16,59,test
36,59,test
1,60,train
21,60,train
3,60,train
23,60,train
5,60,train
25,60,train
6,60,train
26,60,train
8,60,train
28,60,train
9,60,train
29,60,train
10,60,train
30,60,train
11,60,train
31,60,train
12,60,train
32,60,train
13,60,train
33,60,train
15,60,train
35,60,train
16,60,train
36,60,train
17,60,train
37,60,train
18,60,train
38,60,train
19,60,train
39,60,train
20,60,train
40,60,train
2,60,test
22,60,test
4,60,test
24,60,test
7,60,test
27,60,test
14,60,test
34,60,test
1,61,train
21,61,train
2,61,train
22,61,train
3,61,train
23,61,train
4,61,train
24,61,train
5,61,train
25,61,train
8,61,train
28,61,train
9,61,train
29,61,train
10,61,train
30,61,train
12,61,train
32,61,train
13,61,train
33,61,train
14,61,train
34,61,train
15,61,train
35,61,train
16,61,train
36,61,train
17,61,train
37,61,train
19,61,train
39,61,train
20,61,train
40,61,train
6,61,test
26,61,test
7,61,test
27,61,test
11,61,test
31,61,test
18,61,test
38,61,test
1,62,train
21,62,train
2,62,train
22,62,train
3,62,train
23,62,train
4,62,train
24,62,train
5,62,train
25,62,train
6,62,train
26,62,train
7,62,train
27,62,train
8,62,train
28,62,train
11,62,train
31,62,train
12,62,train
32,62,train
13,62,train
33,62,train
15,62,train
35,62,train
16,62,train
36,62,train
18,62,train
38,62,train
19,62,train
39,62,train
20,62,train
40,62,train
9,62,test
29,62,test
10,62,test
30,62,test
14,62,test
34,62,test
17,62,test
37,62,test
1,63,train
21,63,train
4,63,train
24,63,train
5,63,train
25,63,train
6,63,train
26,63,train
7,63,train
27,63,train
8,63,train
28,63,train
9,63,train
29,63,train
11,63,train
31,63,train
13,63,train
33,63,train
14,63,train
34,63,train
15,63,train
35,63,train
16,63,train
36,63,train
17,63,train
37,63,train
18,63,train
38,63,train
19,63,train
39,63,train
20,63,train
40,63,train
2,63,test
22,63,test
3,63,test
23,63,test
10,63,test
30,63,test
12,63,test
32,63,test
1,64,train
21,64,train
2,64,train
22,64,train
3,64,train
23,64,train
4,64,train
24,64,train
6,64,train
26,64,train
8,64,train
28,64,train
10,64,train
30,64,train
11,64,train
31,64,train
12,64,train
32,64,train
13,64,train
33,64,train
14,64,train
34,64,train
15,64,train
35,64,train
16,64,train
36,64,train
17,64,train
37,64,train
18,64,train
38,64,train
19,64,train
39,64,train
5,64,test
25,64,test
7,64,test
27,64,test
9,64,test
29,64,test
20,64,test
40,64,test
1,65,train
21,65,train
2,65,train
22,65,train
3,65,train
23,65,train
5,65,train
25,65,train
6,65,train
26,65,train
7,65,train
27,65,train
10,65,train
30,65,train
11,65,train
31,65,train
12,65,train
32,65,train
13,65,train
33,65,train
14,65,train
34,65,train
15,65,train
35,65,train
17,65,train
37,65,train
18,65,train
38,65,train
19,65,train
39,65,train
20,65,train
40,65,train
4,65,test
24,65,test
8,65,test
28,65,test
9,65,test
29,65,test
16,65,test
36,65,test
1,66,train
21,66,train
2,66,train
22,66,train
3,66,train
23,66,train
4,66,train
24,66,train
5,66,train
25,66,train
6,66,train
26,66,train
8,66,train
28,66,train
9,66,train
29,66,train
10,66,train
30,66,train
11,66,train
31,66,train
12,66,train
32,66,train
13,66,train
33,66,train
15,66,train
35,66,train
16,66,train
36,66,train
17,66,train
37,66,train
20,66,train
40,66,train
7,66,test
27,66,test
14,66,test
34,66,test
18,66,test
38,66,test
19,66,test
39,66,test
1,67,train
21,67,train
2,67,train
22,67,train
3,67,train
23,67,train
4,67,train
24,67,train
5,67,train
25,67,train
6,67,train
26,67,train
7,67,train
27,67,train
9,67,train
29,67,train
10,67,train
30,67,train
11,67,train
31,67,train
12,67,train
32,67,train
14,67,train
34,67,train
15,67,train
35,67,train
16,67,train
36,67,train
17,67,train
37,67,train
18,67,train
38,67,train
8,67,test
28,67,test
13,67,test
33,67,test
19,67,test
39,67,test
20,67,test
40,67,test
1,68,train
21,68,train
2,68,train
22,68,train
3,68,train
23,68,train
4,68,train
24,68,train
5,68,train
25,68,train
6,68,train
26,68,train
7,68,train
27,68,train
8,68,train
28,68,train
9,68,train
29,68,train
10,68,train
30,68,train
11,68,train
31,68,train
12,68,train
32,68,train
15,68,train
35,68,train
17,68,train
37,68,train
19,68,train
39,68,train
20,68,train
40,68,train
13,68,test
33,68,test
14,68,test
34,68,test
16,68,test
36,68,test
18,68,test
38,68,test
1,69,train
21,69,train
2,69,train
22,69,train
3,69,train
23,69,train
5,69,train
25,69,train
7,69,train
27,69,train
8,69,train
28,69,train
9,69,train
29,69,train
10,69,train
30,69,train
12,69,train
32,69,train
13,69,train
33,69,train
14,69,train
34,69,train
15,69,train
35,69,train
16,69,train
36,69,train
17,69,train
37,69,train
19,69,train
39,69,train
20,69,train
40,69,train
4,69,test
24,69,test
6,69,test
26,69,test
11,69,test
31,69,test
18,69,test
38,69,test
1,70,train
21,70,train
2,70,train
22,70,train
4,70,train
24,70,train
5,70,train
25,70,train
6,70,train
26,70,train
8,70,train
28,70,train
9,70,train
29,70,train
10,70,train
30,70,train
11,70,train
31,70,train
13,70,train
33,70,train
14,70,train
34,70,train
15,70,train
35,70,train
16,70,train
36,70,train
17,70,train
37,70,train
18,70,train
38,70,train
19,70,train
39,70,train
3,70,test
23,70,test
7,70,test
27,70,test
12,70,test
32,70,test
20,70,test
40,70,test
1,71,train
21,71,train
2,71,train
22,71,train
4,71,train
24,71,train
5,71,train
25,71,train
6,71,train
26,71,train
7,71,train
27,71,train
8,71,train
28,71,train
9,71,train
29,71,train
10,71,train
30,71,train
12,71,train
32,71,train
13,71,train
33,71,train
15,71,train
35,71,train
16,71,train
36,71,train
17,71,train
37,71,train
19,71,train
39,71,train
20,71,train
40,71,train
3,71,test
23,71,test
11,71,test
31,71,test
14,71,test
34,71,test
18,71,test
38,71,test
1,72,train
21,72,train
2,72,train
22,72,train
3,72,train
23,72,train
4,72,train
24,72,train
5,72,train
25,72,train
6,72,train
26,72,train
7,72,train
27,72,train
8,72,train
28,72,train
10,72,train
30,72,train
11,72,train
31,72,train
15,72,train
35,72,train
16,72,train
36,72,train
17,72,train
37,72,train
18,72,train
38,72,train
19,72,train
39,72,train
20,72,train
40,72,train
9,72,test
29,72,test
12,72,test
32,72,test
13,72,test
33,72,test
14,72,test
34,72,test
1,73,train
21,73,train
2,73,train
22,73,train
3,73,train
23,73,train
4,73,train
24,73,train
5,73,train
25,73,train
6,73,train
26,73,train
7,73,train
27,73,train
9,73,train
29,73,train
11,73,train
31,73,train
12,73,train
32,73,train
13,73,train
33,73,train
14,73,train
34,73,train
15,73,train
35,73,train
16,73,train
36,73,train
17,73,train
37,73,train
19,73,train
39,73,train
8,73,test
28,73,test
10,73,test
30,73,test
18,73,test
38,73,test
20,73,test
40,73,test
2,74,train
22,74,train
3,74,train
23,74,train
4,74,train
24,74,train
5,74,train
25,74,train
6,74,train
26,74,train
7,74,train
27,74,train
8,74,train
28,74,train
10,74,train
30,74,train
11,74,train
31,74,train
12,74,train
32,74,train
13,74,train
33,74,train
14,74,train
34,74,train
15,74,train
35,74,train
16,74,train
36,74,train
19,74,train
39,74,train
20,74,train
40,74,train
1,74,test
21,74,test
9,74,test
29,74,test
17,74,test
37,74,test
18,74,test
38,74,test
1,75,train
21,75,train
3,75,train
23,75,train
5,75,train
25,75,train
6,75,train
26,75,train
7,75,train
27,75,train
8,75,train
28,75,train
9,75,train
29,75,train
10,75,train
30,75,train
11,75,train
31,75,train
12,75,train
32,75,train
14,75,train
34,75,train
15,75,train
35,75,train
17,75,train
37,75,train
18,75,train
38,75,train
19,75,train
39,75,train
20,75,train
40,75,train
2,75,test
22,75,test
4,75,test
24,75,test
13,75,test
33,75,test
16,75,test
36,75,test
1,76,train
21,76,train
2,76,train
22,76,train
5,76,train
25,76,train
6,76,train
26,76,train
7,76,train
27,76,train
9,76,train
29,76,train
10,76,train
30,76,train
11,76,train
31,76,train
12,76,train
32,76,train
13,76,train
33,76,train
14,76,train
34,76,train
15,76,train
35,76,train
16,76,train
36,76,train
17,76,train
37,76,train
19,76,train
39,76,train
20,76,train
40,76,train
3,76,test
23,76,test
4,76,test
24,76,test
8,76,test
28,76,test
18,76,test
38,76,test
1,77,train
21,77,train
2,77,train
22,77,train
3,77,train
23,77,train
4,77,train
24,77,train
5,77,train
25,77,train
7,77,train
27,77,train
8,77,train
28,77,train
10,77,train
30,77,train
11,77,train
31,77,train
13,77,train
33,77,train
15,77,train
35,77,train
16,77,train
36,77,train
17,77,train
37,77,train
18,77,train
38,77,train
19,77,train
39,77,train
20,77,train
40,77,train
6,77,test
26,77,test
9,77,test
29,77,test
12,77,test
32,77,test
14,77,test
34,77,test
1,78,train
21,78,train
2,78,train
22,78,train
4,78,train
24,78,train
5,78,train
25,78,train
6,78,train
26,78,train
7,78,train
27,78,train
8,78,train
28,78,train
9,78,train
29,78,train
10,78,train
30,78,train
12,78,train
32,78,train
13,78,train
33,78,train
14,78,train
34,78,train
15,78,train
35,78,train
16,78,train
36,78,train
17,78,train
37,78,train
20,78,train
40,78,train
3,78,test
23,78,test
11,78,test
31,78,test
18,78,test
38,78,test
19,78,test
39,78,test
1,79,train
21,79,train
2,79,train
22,79,train
3,79,train
23,79,train
4,79,train
24,79,train
5,79,train
25,79,train
7,79,train
27,79,train
8,79,train
28,79,train
10,79,train
30,79,train
11,79,train
31,79,train
12,79,train
32,79,train
13,79,train
33,79,train
16,79,train
36,79,train
17,79,train
37,79,train
18,79,train
38,79,train
19,79,train
39,79,train
20,79,train
40,79,train
6,79,test
26,79,test
9,79,test
29,79,test
14,79,test
34,79,test
15,79,test
35,79,test
1,80,train
21,80,train
2,80,train
22,80,train
3,80,train
23,80,train
4,80,train
24,80,train
5,80,train
25,80,train
7,80,train
27,80,train
8,80,train
28,80,train
9,80,train
29,80,train
12,80,train
32,80,train
13,80,train
33,80,train
14,80,train
34,80,train
15,80,train
35,80,train
17,80,train
37,80,train
18,80,train
38,80,train
19,80,train
39,80,train
20,80,train
40,80,train
6,80,test
26,80,test
10,80,test
30,80,test
11,80,test
31,80,test
16,80,test
36,80,test
2,81,train
22,81,train
3,81,train
23,81,train
4,81,train
24,81,train
5,81,train
25,81,train
6,81,train
26,81,train
7,81,train
27,81,train
8,81,train
28,81,train
9,81,train
29,81,train
11,81,train
31,81,train
12,81,train
32,81,train
13,81,train
33,81,train
15,81,train
35,81,train
16,81,train
36,81,train
18,81,train
38,81,train
19,81,train
39,81,train
20,81,train
40,81,train
1,81,test
21,81,test
10,81,test
30,81,test
14,81,test
34,81,test
17,81,test
37,81,test
1,82,train
21,82,train
2,82,train
22,82,train
3,82,train
23,82,train
5,82,train
25,82,train
6,82,train
26,82,train
7,82,train
27,82,train
8,82,train
28,82,train
9,82,train
29,82,train
10,82,train
30,82,train
11,82,train
31,82,train
13,82,train
33,82,train
14,82,train
34,82,train
17,82,train
37,82,train
18,82,train
38,82,train
19,82,train
39,82,train
20,82,train
40,82,train
4,82,test
24,82,test
12,82,test
32,82,test
15,82,test
35,82,test
16,82,test
36,82,test
